<?xml version="1.0" encoding="UTF-8"?>
<beans xmlns="http://www.springframework.org/schema/beans"
	xmlns:xsi="http://www.w3.org/2001/XMLSchema-instance"
	xsi:schemaLocation="http://www.springframework.org/schema/beans
	                    http://www.springframework.org/schema/beans/spring-beans.xsd">

	<bean id="employeeList" class="java.util.ArrayList">
		<constructor-arg>
			<list>
				<bean class="com.cognizant.springlearn.model.Employee">
					<property name="id" value="1" />
					<property name="name" value="John" />
					<property name="salary" value="50000" />
					<property name="permanent" value="Yes" />
					<property name="department" value="HR" />
				</bean>
				<bean class="com.cognizant.springlearn.model.Employee">
					<property name="id" value="2" />
					<property name="name" value="Alice" />
					<property name="salary" value="60000" />
					<property name="permanent" value="No" />
					<property name="department" value="IT" />
				</bean>
			</list>
		</constructor-arg>
	</bean>
</beans>
