<?xml version="1.0" encoding="UTF-8"?>
<beans xmlns="http://www.springframework.org/schema/beans"
       xmlns:xsi="http://www.w3.org/2001/XMLSchema-instance"
       xsi:schemaLocation="http://www.springframework.org/schema/beans 
       http://www.springframework.org/schema/beans/spring-beans.xsd">

    <!-- Department Beans -->
    <bean id="department1" class="com.cognizant.springlearn.model.Department">
        <property name="id" value="1" />
        <property name="name" value="HR" />
    </bean>

    <bean id="department2" class="com.cognizant.springlearn.model.Department">
        <property name="id" value="2" />
        <property name="name" value="Finance" />
    </bean>

    <!-- Skill Beans -->
    <bean id="skill1" class="com.cognizant.springlearn.model.Skill">
        <property name="id" value="1" />
        <property name="name" value="Java" />
    </bean>

    <bean id="skill2" class="com.cognizant.springlearn.model.Skill">
        <property name="id" value="2" />
        <property name="name" value="Angular" />
    </bean>

    <!-- Employee List -->
    <bean id="employeeList1" class="java.util.ArrayList">
        <constructor-arg>
            <list>
                <bean class="com.cognizant.springlearn.model.Employee1">
                    <property name="id" value="1"/>
                    <property name="name" value="John"/>
                    <property name="salary" value="30000"/>
                    <property name="permanent" value="true"/>
                    <property name="dateOfBirth">
                        <value>1990/01/01</value>
                    </property>
                    <property name="department" ref="department1"/>
                    <property name="skills">
                        <list>
                            <ref bean="skill1"/>
                            <ref bean="skill2"/>
                        </list>
                    </property>
                </bean>

                <!-- You can add more <bean> for Employee1 here -->

            </list>
        </constructor-arg>
    </bean>

</beans>
